#[1]CHROM	[2]POS	[3]ID	[4]REF	[5]ALT	[6]unknown:GT
MN908947.3	210	.	G	T	1/1
MN908947.3	232	.	T	G	0/0
MN908947.3	241	.	C	T	1/1
MN908947.3	514	.	T	G	0/0
MN908947.3	544	.	A	C	0/0
MN908947.3	1476	.	T	G	0/0
MN908947.3	2712	.	A	C	0/0
MN908947.3	2729	.	A	C	0/0
MN908947.3	2730	.	A	C	0/0
MN908947.3	3037	.	C	T	1/1
MN908947.3	3457	.	C	T	1/1
MN908947.3	3987	.	C	T	1/1
MN908947.3	4007	.	T	G	0/0
MN908947.3	4965	.	C	T	0/1
MN908947.3	5787	.	C	A	0/0
MN908947.3	6091	.	C	A	0/0
MN908947.3	6102	.	G	T	0/0
MN908947.3	6690	.	C	A	0/0
MN908947.3	6695	.	C	A	0/0
MN908947.3	6696	.	C	A	0/0
MN908947.3	6701	.	C	A	0/0
MN908947.3	6708	.	A	C	0/0
MN908947.3	8480	.	C	A	0/0
MN908947.3	9430	.	C	A	0/0
MN908947.3	9431	.	G	T	0/0
MN908947.3	10046	.	G	A	0/0
MN908947.3	10894	.	C	A	0/0
MN908947.3	10999	.	T	A	0/0
MN908947.3	11074	.	CTTTTTTTTGTATGA	CTTTTTTTTTGTATGA	0/0
MN908947.3	11201	.	A	G	1/1
MN908947.3	12938	.	G	T	0/0
MN908947.3	12940	.	G	T	0/0
MN908947.3	13824	.	C	A	0/0
MN908947.3	14331	.	T	G	0/0
MN908947.3	14408	.	C	T	1/1
MN908947.3	16652	.	A	C	0/0
MN908947.3	16852	.	G	T	1/1
MN908947.3	17523	.	G	T	1/1
MN908947.3	18210	.	G	T	1/1
MN908947.3	18493	.	C	A	0/0
MN908947.3	18501	.	C	A	0/0
MN908947.3	20069	.	G	T	0/0
MN908947.3	20077	.	C	A	0/0
MN908947.3	20394	.	T	G	0/0
MN908947.3	20395	.	AA	AG	1/1
MN908947.3	20397	.	G	T	0/0
MN908947.3	20399	.	AAT	AAG	1/1
MN908947.3	20416	.	G	T	0/0
MN908947.3	20719	.	C	A	0/0
MN908947.3	21846	.	C	T	1/1
MN908947.3	21880	.	T	G	0/0
MN908947.3	21881	.	G	T	0/0
MN908947.3	21895	.	T	C	1/1
MN908947.3	21987	.	G	A	0/1
MN908947.3	22022	.	G	A	0/1
MN908947.3	22493	.	G	T	0/0
MN908947.3	22917	.	T	G	1/1
MN908947.3	23012	.	G	C	1/1
MN908947.3	23403	.	A	G	1/1
MN908947.3	23604	.	C	G	1/1
MN908947.3	24310	.	C	A	0/0
MN908947.3	24775	.	A	T	0/1
MN908947.3	25201	.	A	C	0/0
MN908947.3	25202	.	T	G	0/1
MN908947.3	25211	.	T	G	0/0
MN908947.3	25469	.	C	T	1/1
MN908947.3	25807	.	T	G	0/0
MN908947.3	25824	.	C	A	0/0
MN908947.3	25840	.	C	A	0/0
MN908947.3	26125	.	C	A	0/0
MN908947.3	26133	.	C	A	0/0
MN908947.3	26135	.	C	A	0/0
MN908947.3	26137	.	A	C	0/0
MN908947.3	26681	.	C	T	1/1
MN908947.3	26761	.	T	G	0/0
MN908947.3	26767	.	T	G	1/1
